id,name,age,gender,past_incident_ids,risk_score
1,Ramesh Kumar,41,Male,"1,2,3,7,10,11",92
2,Suresh Naik,39,Male,"2,5,6,12",93
3,Anil Gowda,41,Male,"4,7,8,10,11",95
4,Vijay Shekar,42,Male,"2,3,4,5,6,7,9,10,11",80
5,Kiran Patil,35,Male,"1,4,6,8,9,12",87
6,Theodore Buch,61,Male,1530,69
7,Azaan Konda,60,Male,85,52
8,Krish Kalita,33,Male,"2663,427",30
9,Jackson Mann,21,Male,2886,47
10,Udant Chana,26,Male,878,11
11,Dhruv Bhatti,55,Male,2990,40
12,Anvi Raghavan,64,Female,250,32
13,Saksham Dara,65,Male,1830,64
14,Nicholas Shanker,36,Male,1090,16
15,Christopher Tiwari,34,Male,1691,24
16,Nimrat Amble,49,Female,"634,2567",39
17,Lakshit Sathe,60,Male,881,47
18,Irya Dewan,31,Female,2442,52
19,Ijaya Shenoy,26,Female,"741,1933",15
20,Kai Shenoy,49,Male,2655,15
21,Jason Ravi,21,Male,"1196,750",22
22,Maanas Bawa,34,Male,"652,1981",67
23,Wazir Sane,20,Male,1992,29
24,Jeet Thakkar,45,Male,1844,46
25,Tanish Kalita,52,Male,2288,37
26,Samar Varty,27,Male,2817,51
27,Maanav Rajagopal,35,Male,1684,46
28,Chasmum Loke,35,Female,"1338,2189",60
29,Forum Kunda,28,Female,2412,45
30,Ikbal Murty,25,Male,1433,14
31,Champak Ranganathan,54,Male,1359,52
32,Indrajit Memon,55,Male,1679,66
33,Ekiya Babu,28,Female,717,40
34,Ranbir Rattan,53,Male,405,45
35,Girindra Palan,34,Male,"1370,594",43
36,Samar Kumar,59,Male,"1262,2965",64
37,Henry Kuruvilla,60,Male,2188,23
38,Tristan Chauhan,64,Male,2177,43
39,Ronith Setty,46,Male,1848,64
40,Sai Sura,55,Male,1828,67
41,Thomas Parmer,28,Male,1625,25
42,Laban Setty,28,Male,1255,46
43,Tanay Keer,34,Male,2328,32
44,Aarnav Jayaraman,45,Male,2667,64
45,Dominic Chowdhury,42,Male,152,12
46,Wahab Doctor,47,Male,"30,1686",20
47,Sathvik Parsa,36,Male,2996,32
48,Lucky Chatterjee,48,Male,126,21
49,Yatin Badami,20,Male,1119,32
50,Ikbal Khosla,36,Male,"1264,881",30
51,Tanmayi Borah,27,Female,533,21
52,Eshana Ahuja,48,Female,1922,28
53,Harshil Mani,32,Male,2100,16
54,Udarsh Bahl,20,Male,2525,15
55,Dhruv Pai,24,Male,22,44
56,Kalpit Chaudry,25,Male,"192,2229,1863",41
57,Kalpit Bawa,18,Male,1662,49
58,Rushil Malhotra,45,Male,2598,29
59,Idika Tiwari,59,Female,987,60
60,Theodore Chanda,46,Male,"2335,2990",23
61,Fitan Pradhan,52,Male,1765,54
62,Falak Vohra,63,Female,2109,31
63,Pranav Lall,25,Male,"495,893,1780",70
64,Anmol Rastogi,23,Male,620,14
65,Caleb Shukla,44,Male,2025,14
66,Max Choudhry,39,Male,2286,15
67,Darsh Chad,39,Male,714,70
68,Dev Sha,65,Male,1004,42
69,Maanav Tata,18,Male,1148,43
70,Daksh Vohra,32,Male,480,35
71,Atharv Dhar,26,Male,1181,69
72,Meera Srinivasan,57,Female,"1686,1416",38
73,Vihaan Dutt,34,Male,1150,36
74,Bahadurjit Sarna,22,Male,113,53
75,Dayita Biswas,27,Female,207,52
76,Jairaj Bhagat,57,Male,"224,577,1687",45
77,Aarnav Prabhu,49,Male,2018,59
78,Dominic Bahri,63,Male,2657,44
79,Dev Zacharia,36,Male,2946,45
80,Jyoti Krishna,22,Female,2120,15
81,Turvi Aggarwal,48,Female,1852,17
82,Radha Ghosh,25,Female,41,52
83,Manan Jayaraman,20,Male,"2464,2722",15
84,Vincent Ben,64,Male,2154,46
85,Ekbal Bala,41,Male,231,44
86,Gopal Pillai,36,Male,1069,39
87,Noah Sagar,48,Male,64,54
88,Tristan Gokhale,32,Male,1421,63
89,Chatura Kohli,24,Male,1242,58
90,Advik Mittal,55,Male,347,47
91,Ekalinga Narayanan,45,Male,2311,66
92,Banjeet Lalla,59,Male,"1391,1369",42
93,Qadim Chander,44,Male,1977,22
94,Noah De,22,Male,"2155,1594",21
95,Wishi Raja,20,Female,1489,21
96,Faris Mody,32,Male,1011,62
97,Ishita Hayre,24,Female,691,15
98,Harrison Aggarwal,44,Male,404,65
99,Turvi Deshmukh,27,Female,2975,38
100,Jagrati Nayak,40,Female,"643,1512",33
101,Zayan Handa,33,Male,2871,62
102,Kalpit Andra,22,Male,"1100,915",22
103,Sathvik Chaudhry,34,Male,1008,26
104,Victor Buch,46,Male,1703,27
105,Vihaan Chaudhuri,36,Male,2579,56
106,Dakshesh Hegde,18,Male,908,28
107,Saksham Gera,38,Male,280,62
108,Devansh Dani,53,Male,697,15
109,Harish Bal,32,Male,1829,52
110,Jack Ratti,56,Male,"2866,929,2126",69
111,Vincent Kalla,20,Male,1986,56
112,Jatin Gola,64,Male,2467,58
113,Om Garde,18,Male,1188,49
114,Vedant Gade,50,Male,2004,34
115,Krish Chawla,60,Male,"82,550",50
116,Abhiram Krishna,64,Male,206,58
117,Charita Prabhakar,46,Female,1108,35
118,Adweta Dubey,25,Female,1176,50
119,Manthan Arora,33,Male,2978,41
120,Darsh Dayal,50,Male,1616,70
121,Manthan Natt,34,Male,"2756,1008",59
122,Nathaniel Shah,54,Male,1776,22
123,Michael Ramanathan,64,Male,1869,39
124,Kevin Yogi,49,Male,1979,61
125,Abdul Soni,52,Male,961,57
126,David Naik,35,Male,"465,164,1540",35
127,Advaith Basu,21,Male,1533,31
128,Gaurav Borra,45,Male,938,12
129,Harshil Trivedi,22,Male,222,23
130,Wyatt Das,46,Male,"1921,621",20
131,Ethan Saraf,48,Male,2482,19
132,Agastya Dubey,49,Male,637,24
133,Saksham Jhaveri,41,Male,348,20
134,Andrew Sunder,58,Male,2550,64
135,Hitesh Dalal,56,Male,1010,42
136,Onkar Ganguly,56,Male,1176,36
137,Falan Ramachandran,60,Male,1548,59
138,Wridesh Choudhry,47,Male,2290,44
139,Yuvraj Bava,61,Male,541,25
140,Yatin Patla,63,Male,250,34
141,Brijesh Jayaraman,22,Male,274,27
142,Jonathan Kunda,41,Male,2267,50
143,Dalbir Butala,42,Male,"2172,964",11
144,Samar Morar,39,Male,2233,22
145,Ayaan Balasubramanian,30,Male,1737,18
146,Wriddhish Jani,41,Male,2133,44
147,Oscar Loyal,63,Male,1459,37
148,Damyanti Nagi,55,Female,1265,61
149,Nihal Karnik,58,Male,711,38
150,Sai Tripathi,40,Male,710,46
151,Vinaya Mukherjee,40,Female,911,58
152,Veer Kamdar,52,Male,1301,59
153,Atharv Gandhi,62,Male,1069,23
154,Mitesh Korpal,20,Male,1883,55
155,Abhimanyu Som,43,Male,1217,19
156,Gaurang Maharaj,36,Male,2260,19
157,Aarnav Date,21,Male,1615,34
158,Hritik Saraf,39,Male,436,49
159,Ayush Rau,32,Male,1225,22
160,Chatresh Saran,20,Male,954,48
161,Anthony Badami,39,Male,2478,34
162,Rushil Shetty,31,Male,865,62
163,Megha Bail,62,Female,"69,1337",32
164,Andrew Sani,31,Male,"2232,170",65
165,Gavin Misra,52,Male,1928,27
166,Ekbal Lata,49,Male,197,58
167,Mason Hayre,41,Male,2909,38
168,Anmol Babu,38,Male,2458,22
169,Joshua Walia,43,Male,276,23
170,Yug Kunda,51,Male,2832,62
171,Samesh Dhillon,22,Male,1842,45
172,Madhav Koshy,33,Male,2345,35
173,Parth Devi,42,Male,1011,66
174,Jagrati Ranganathan,32,Female,900,29
175,Qadim Walla,56,Male,2029,58
176,Lohit Gaba,30,Male,461,70
177,Kiaan Randhawa,35,Male,2929,46
178,Vedant Vohra,53,Male,"2720,2457",18
179,Nirja Kata,24,Female,"2840,1683",63
180,Chakradhar Barad,52,Male,1927,42
181,Onveer Sagar,21,Male,2706,60
182,Yug Minhas,60,Male,2301,44
183,Girish Mitter,32,Male,"2292,2247,480",60
184,Neel Parikh,28,Male,1686,14
185,Anika Sura,26,Female,1659,32
186,Logan Lad,49,Male,"1612,1277",29
187,Onkar Korpal,56,Male,155,57
188,Pranav Gill,54,Male,409,25
189,Shivani Deol,59,Female,"1676,230,1417",16
190,Anvi Apte,41,Female,1872,13
191,Oliver Rana,23,Male,1320,56
192,Samarth Vora,53,Male,2245,53
193,Xavier Dara,40,Male,831,41
194,Harrison Babu,26,Male,1156,51
195,Umang Gupta,37,Male,1836,52
196,Jacob Tiwari,59,Male,2558,34
197,Yatin Pillai,18,Male,2020,29
198,Charvi Dora,61,Female,1556,64
199,Oscar Master,38,Male,1351,30
200,Isha Soman,53,Female,1734,40
201,Tristan Nori,24,Male,2817,54
202,Triveni Lal,22,Female,1450,53
203,Rushil Barman,64,Male,897,17
204,Meera Gokhale,46,Female,1417,12
205,Luke Hayre,29,Male,2444,14
206,Rohan Minhas,54,Male,1446,37
207,Ekavir Walla,41,Male,2401,59
208,Chandresh Lalla,19,Male,1428,37
209,Sathvik Edwin,55,Male,276,48
210,Wyatt Dugal,32,Male,2267,68
211,Manbir Date,20,Male,658,65
212,Krishna Joshi,44,Male,"1940,40",51
213,Ira Rajagopalan,23,Female,1087,54
214,Onkar Nayak,54,Male,2097,69
215,Ojas Sathe,36,Male,1524,32
216,Quincy Raju,43,Male,1774,20
217,Agastya Mani,50,Male,"2437,1508",39
218,Omkaar Jha,40,Male,1405,36
219,Hemang Yadav,64,Male,"2687,1068",68
220,Faris Bhatnagar,54,Male,2836,26
221,Aarush Kari,57,Male,"1129,2420",42
222,Yatan Khurana,18,Male,312,70
223,Raagini Cherian,50,Female,1735,34
224,Ekapad Mistry,62,Male,2989,55
225,Xavier Kata,65,Male,1352,26
226,Laksh Mistry,58,Male,2493,49
227,Netra Banerjee,34,Female,"2120,1197",68
228,Qasim Master,62,Male,1762,35
229,Chandresh Bala,55,Male,444,13
230,Balvan Datta,28,Male,258,41
231,Orinder Rao,61,Male,1314,41
232,Zashil Warrior,64,Male,2959,54
233,Joshua Dugal,60,Male,1847,54
234,Mason Ranganathan,33,Male,393,47
235,Hemang Dey,37,Male,1595,36
236,Orinder Jayaraman,39,Male,328,45
237,Faras Mohanty,58,Male,1708,11
238,Ethan Bal,54,Male,1880,43
239,Rachit Srivastava,52,Male,1597,67
240,Nihal Sahni,45,Male,1298,27
241,Balhaar Malhotra,65,Male,669,44
242,Mitali Khanna,24,Female,"835,1147",35
243,Gautam Oza,63,Male,1217,35
244,Ryan Datta,27,Male,1570,11
245,Sathvik Raman,56,Male,"1866,953,1670",13
246,Ayaan Edwin,63,Male,1758,14
247,Anusha Chander,23,Female,355,34
248,Aadi Sangha,22,Male,2048,69
249,Hemang Goda,54,Male,"881,1574",34
250,Darpan Pathak,59,Male,"2337,2886,2431",24
251,Rachit More,50,Male,1365,37
252,Harsh Sani,38,Male,1677,26
253,Laksh Kalla,59,Male,2365,14
254,Rehaan Grover,53,Male,697,14
255,Manbir Reddy,25,Male,1759,43
256,Orinder Sachdev,57,Male,2379,66
257,Zashil Shanker,21,Male,165,66
258,Quincy Merchant,65,Male,"1024,1602",27
259,Pranav Bali,47,Male,1729,20
260,Rushil Pal,47,Male,2611,13
261,Laksh Baria,38,Male,2368,58
262,Vihaan Pal,26,Male,136,34
263,Sathvik Kale,58,Male,942,15
264,Anirudh Bhagat,35,Male,2201,62
265,Gaurang Majumdar,63,Male,1408,16
266,Aditya Chandran,44,Male,"2209,1126",26
267,Hredhaan Sehgal,53,Male,1360,31
268,Ishwar Bobal,58,Male,720,66
269,Chakradhar Mall,49,Male,1348,41
270,Maanas Shere,30,Male,797,58
271,Harrison Bal,43,Male,1871,67
272,Yug Krishnamurthy,64,Male,573,13
273,Zashil Aggarwal,41,Male,1185,46
274,Januja Chowdhury,39,Female,2259,11
275,Chatura Sachdev,42,Male,1807,46
276,Nitara Sahni,30,Female,2400,56
277,Yug Sengupta,27,Male,1955,21
278,Neel Vohra,55,Male,1727,66
279,Samuel Setty,32,Male,2242,48
280,Ubika Khare,28,Female,"2974,2391",60
281,Parth Swaminathan,52,Male,2335,12
282,Balvan Atwal,26,Male,2909,52
283,Hemangini Rau,58,Female,1231,23
284,Tristan Balakrishnan,48,Male,1356,32
285,Matthew Kara,26,Male,243,29
286,Atharv Keer,45,Male,"89,615",58
287,Yug Bose,52,Male,439,47
288,Mason Bansal,39,Male,2860,22
289,Banjeet Balay,37,Male,2961,38
290,Wriddhish Dubey,55,Male,2099,25
291,Sanaya Mohan,35,Female,147,31
292,Gautam Desai,55,Male,153,45
293,Pranit Arora,35,Male,"1877,2082",55
294,Barkha Khurana,31,Female,1616,62
295,Qasim Bassi,35,Male,518,45
296,Siddharth Ramachandran,38,Male,2761,38
297,Oliver Kanda,44,Male,1464,62
298,Samuel Oak,18,Male,1204,32
299,Ranveer Loke,52,Male,2373,63
300,Udant Mander,50,Male,72,29
301,Xavier Mittal,44,Male,"2238,1130",27
302,Forum Batra,59,Female,2381,20
303,Vamakshi Reddy,55,Female,"393,1342",54
304,Maanas Narayan,58,Male,2433,16
305,Veer Dhar,36,Male,1475,52
306,Megha Chawla,60,Female,857,10
307,Nisha De,30,Female,110,16
308,Aadi Wable,34,Male,2418,20
309,Tanveer Chakraborty,32,Male,"390,1741",56
310,Hamsini Misra,42,Female,171,59
311,Samarth Sahota,35,Male,1058,70
312,Charles Grewal,62,Male,1159,29
313,Dakshesh Seshadri,25,Male,1256,54
314,Faraj Ganesh,53,Male,"935,891",53
315,Gavin Chaudhary,60,Male,787,60
316,Manbir Chaudry,50,Male,"2861,1429",38
317,Ishaan Kar,65,Male,597,13
318,Bachittar Acharya,33,Male,"1013,2580",23
319,Christopher Yadav,21,Male,2520,46
320,Vivaan Solanki,18,Male,257,54
321,Abdul Chaudry,60,Male,1197,53
322,Guneet Chacko,30,Male,"1998,2492",21
323,Aarnav Dube,64,Male,196,17
324,Dhruv Mangat,31,Male,"1484,618",28
325,Upkaar Varma,32,Male,"276,288",19
326,Jairaj Dugar,24,Male,2199,29
327,Girindra Issac,54,Male,347,59
328,Jagdish Solanki,29,Male,583,31
329,Theodore Yohannan,20,Male,1957,66
330,Thomas Bakshi,18,Male,186,18
331,Oliver Banerjee,46,Male,402,59
332,Christopher Dara,41,Male,2369,33
333,Jai Chhabra,22,Male,597,32
334,Isaac Loke,27,Male,593,63
335,Nihal Chanda,58,Male,494,27
336,Girish Sunder,49,Male,2504,23
337,Lucky Vig,25,Male,286,32
338,Tanish Handa,52,Male,1610,11
339,Dominic Chawla,37,Male,2098,45
340,Faraj Varughese,29,Male,1926,22
341,Tristan Divan,38,Male,2759,61
342,Bahadurjit Johal,47,Male,1990,40
343,Aarnav Saraf,36,Male,1429,31
344,Orinder Raja,51,Male,"1492,1654",68
345,Mohini Hari,50,Female,1955,41
346,Neel Setty,53,Male,2340,57
347,Ryan Mann,34,Male,2266,57
348,Chatresh Som,47,Male,503,70
349,Ishaan Soman,31,Male,2214,54
350,Parth Chakrabarti,48,Male,"118,2752,808",59
351,Advik Nori,45,Male,1638,23
352,Abeer Palla,57,Male,"1335,2883",62
353,Advay Kamdar,26,Male,1021,28
354,Samesh Sane,25,Male,2386,16
355,Yatin Bhavsar,44,Male,"917,1713",24
356,Balhaar Ramesh,58,Male,512,25
357,Nathaniel Dora,50,Male,95,32
358,Luke Muni,20,Male,1429,35
359,Ekansh Chaudhry,31,Male,626,27
360,Liam Singh,30,Male,1342,37
361,Viraj Tella,28,Male,2374,52
362,Manbir Kala,56,Male,2731,32
363,Matthew Nagy,39,Male,1781,34
364,Balveer Sachar,23,Male,1485,53
365,Vihaan Ramaswamy,35,Male,67,21
366,Advaith Subramanian,53,Male,2753,51
367,Gopal Karpe,36,Male,593,66
368,Veer Sachar,26,Male,2007,43
369,Gabriel Aggarwal,18,Male,1499,39
370,Kashvi Sehgal,22,Female,"1746,1328,2919",29
371,Saksham Bhat,62,Male,346,53
372,Mugdha Barman,61,Female,1824,46
373,Tejas Choudhury,40,Male,276,25
374,Wridesh Mammen,47,Male,1583,70
375,Warjas Randhawa,48,Male,1358,20
376,Jairaj Bail,49,Male,1120,30
377,Onveer Sharma,26,Male,2525,16
378,Hritik Sathe,46,Male,"2849,357",65
379,Gautam Sani,57,Male,1701,22
380,Anthony Bhargava,37,Male,1749,55
381,Yoshita Suri,32,Female,2747,46
382,Jairaj Raja,37,Male,2243,33
383,Qadim Kuruvilla,54,Male,1516,36
384,Harshil Mandal,29,Male,296,32
385,Qadim Sani,65,Male,2226,32
386,Vedika Ratta,61,Female,2855,34
387,Aarav Ray,31,Male,2869,49
388,Baljiwan Keer,22,Male,147,47
389,Wriddhish Banik,54,Male,765,68
390,Qasim Pandit,53,Male,2887,56
391,Qadim Zacharia,36,Male,2474,49
392,Rudra Shenoy,65,Male,2013,18
393,Mason Agrawal,62,Male,980,47
394,Rushil Magar,65,Male,1028,69
395,Joshua Walla,46,Male,"2833,2417",61
396,Peter Sachdeva,42,Male,1408,29
397,Rishi Chakrabarti,18,Male,2245,69
398,Ekaraj Nath,21,Male,1515,57
399,Jai Keer,39,Male,2871,43
400,Aayush Saran,64,Male,1188,17
401,Karan Sahota,51,Male,"1904,2981",25
402,Chandresh Krishnamurthy,35,Male,525,55
403,Hemani Saini,30,Female,1859,56
404,Wriddhish Chaudry,60,Male,1528,32
405,Alexander Golla,64,Male,995,39
406,Lohit Bedi,22,Male,2823,45
407,Vritti Kakar,47,Female,130,15
408,Veer Suresh,47,Male,2128,47
409,Chatresh Varty,48,Male,"656,1196",37
410,Manthan Gill,51,Male,"1826,1274",46
411,Kiaan Seth,30,Male,2554,28
412,Michael Solanki,65,Male,1118,65
413,Vedant Sinha,51,Male,"386,712",67
414,Darsh Pai,18,Male,498,62
415,Vincent Kara,19,Male,2237,34
416,Omkaar Wadhwa,29,Male,"2192,693,501",17
417,David Tak,55,Male,1099,43
418,Yoshita Ratta,31,Female,2304,11
419,Keya Buch,41,Female,2874,33
420,Ronith Reddy,44,Male,939,40
421,Rachana Wali,41,Female,1495,54
422,Indrajit Varkey,25,Male,2208,15
423,Thomas Verma,59,Male,"442,633",48
424,Manan Dhar,62,Male,2397,46
425,Reyansh Jani,48,Male,1461,31
426,Kevin Behl,35,Male,1094,68
427,Pushti Baria,45,Female,2988,68
428,Mekhala Madan,20,Female,2252,56
429,Rohan Kakar,20,Male,"941,1299",66
430,Ekani Mangat,20,Female,1959,61
431,Guneet Mahajan,36,Male,1082,62
432,Rishi Solanki,49,Male,"625,1737",30
433,Kabir Deshpande,23,Male,1507,58
434,Kabir Thakur,43,Male,2794,57
435,Krish Kadakia,56,Male,1012,13
436,Waida Ben,26,Female,88,54
437,Saksham Tara,42,Male,1309,33
438,Saksham Soman,62,Male,2617,42
439,Fariq Chander,36,Male,407,61
440,Jagdish Pai,36,Male,2239,20
441,Gunbir Tailor,20,Male,2664,24
442,Pahal Vora,33,Female,2817,13
443,Parth Mutti,36,Male,1212,35
444,Wazir Bir,60,Male,2565,30
445,Aarini Dada,53,Female,1917,14
446,Udant Sastry,42,Male,"123,2912",12
447,Girish Vasa,27,Male,2956,12
448,Nandini Edwin,26,Female,"2999,787",43
449,Dalaja Kannan,59,Female,"762,1444",64
450,Jeet Keer,25,Male,1406,67
451,Hritik Chauhan,20,Male,1773,69
452,Qasim Narasimhan,48,Male,1932,17
453,Chatresh Kalla,20,Male,2423,49
454,Vihaan Nagy,47,Male,"1858,1938",14
455,Thomas Walia,43,Male,2949,50
456,Ishanvi Rajagopalan,46,Female,737,14
457,Aarav Ganguly,59,Male,609,21
458,Indali Sen,30,Female,2161,61
459,Tarak Mammen,47,Male,569,56
460,Sathvik Tella,43,Male,1839,58
461,Rayaan Borra,57,Male,"2250,1995",41
462,Gaurav Aurora,18,Male,"1168,1918,1915",12
463,Mitesh Patla,44,Male,2156,66
464,Ranveer Baral,24,Male,2863,63
465,Chatura Wagle,51,Male,2777,34
466,Ira Nayak,47,Female,128,66
467,Pranav Narula,49,Male,1374,31
468,Qasim Garde,41,Male,243,68
469,Bachittar Mammen,29,Male,2183,20
470,Fariq Agrawal,30,Male,2919,12
471,Triya Rege,40,Female,2792,57
472,Ryan Gupta,63,Male,2804,62
473,Timothy Kumar,43,Male,753,31
474,Agastya Palan,37,Male,2289,46
475,Yagnesh Rajagopalan,38,Male,2918,38
476,Faraj Talwar,47,Male,2451,57
477,Laksh Ravi,63,Male,1595,19
478,Abhimanyu Shah,58,Male,2895,54
479,Balveer Lata,34,Male,1769,11
480,Girindra Sarna,45,Male,2911,51
481,Jagat Kunda,19,Male,16,70
482,Orinder Bhavsar,18,Male,186,53
483,Siddharth Yogi,33,Male,"1807,2035",13
484,Ayaan Memon,23,Male,1628,23
485,Zayan Kohli,42,Male,337,70
486,Owen Sekhon,47,Male,1148,52
487,Agastya Tandon,62,Male,604,50
488,Karan Mohan,42,Male,"1181,1907",20
489,Atharv Bandi,54,Male,1179,21
490,Charles Mahal,51,Male,"236,1645,1770",29
491,Aryan Arora,19,Male,572,16
492,Ishita Nagarajan,51,Female,2497,20
493,Pranit Kala,20,Male,15,61
494,Victor Behl,64,Male,1448,56
495,Qabil Dhar,48,Male,2101,33
496,Ikbal Hegde,29,Male,2989,36
497,Chatresh Bhandari,28,Male,931,20
498,Reva Gole,20,Female,451,37
499,Ekavir Merchant,53,Male,954,22
500,Fariq Pal,36,Male,2657,56
501,Ekansh Thakur,53,Male,2103,29
502,Reva Dutta,26,Female,"1252,1464,1354",15
503,Xavier Subramaniam,21,Male,1788,37
504,Christopher Palla,32,Male,128,70
505,Udant Kanda,34,Male,2561,23
506,Vihaan Devan,40,Male,19,29
507,Ikbal Pant,27,Male,1540,15
508,Qasim Doctor,62,Male,2394,25
509,Sai Kaul,45,Male,1947,19
510,Harsh Upadhyay,27,Male,"2674,2979",52
511,Azaan Bhagat,38,Male,2558,39
512,Fariq Solanki,29,Male,1818,43
513,Naveen Shan,31,Male,2354,61
514,Isaac Char,50,Male,1812,19
515,Nachiket Om,40,Male,2680,29
516,Saksham Jha,37,Male,1654,41
517,Guneet Samra,26,Male,"41,2092",63
518,Shaurya Oak,37,Male,305,36
519,Vihaan Ramaswamy,27,Male,1644,15
520,Idika Warrior,29,Female,1217,51
521,Jeet Arya,24,Male,445,50
522,Imaran Mittal,45,Male,1625,68
523,Chameli Narain,26,Female,614,30
524,Brijesh Balasubramanian,29,Male,"456,2107",68
525,Vedant Bal,45,Male,792,20
526,Naksh Batta,65,Male,2278,10
527,Wahab Sridhar,52,Male,2882,21
528,Gagan Nayar,56,Male,1513,32
529,Thomas Parsa,42,Male,1350,30
530,Xavier Dada,47,Male,496,66
531,Abhimanyu Khatri,30,Male,"2596,92",69
532,Nicholas Kashyap,43,Male,1310,41
533,Wyatt Bhargava,21,Male,"1066,2954,315",43
534,Jeremiah Roy,23,Male,2642,57
535,Kevin Shanker,57,Male,1767,45
536,Manbir Parmar,37,Male,302,31
537,Dalbir Bhalla,54,Male,659,42
538,Krish Dey,46,Male,"1275,2686",10
539,Bahadurjit Jain,26,Male,2986,13
540,Wahab Oza,39,Male,1271,44
541,Girish Kalla,36,Male,1106,36
542,Gavin Shan,25,Male,"2203,1509",58
543,Balhaar Andra,64,Male,1890,11
544,Ranbir Rege,49,Male,"173,1171",56
545,Mason Virk,48,Male,2000,30
546,Mason Gade,19,Male,1327,49
547,Ayaan Parmar,28,Male,"2482,136",17
548,Daksh Agrawal,33,Male,603,54
549,Rudra Arya,30,Male,849,25
550,Balendra Pillay,18,Male,2864,51
551,Laksh Kade,20,Male,2878,57
552,Nidhi Nadkarni,65,Female,619,67
553,Zinal Lall,51,Female,434,37
554,Ronith Chakrabarti,24,Male,1175,58
555,Banjeet Padmanabhan,50,Male,405,49
556,Riya Sankaran,55,Female,1464,27
557,Chaitanya Baral,36,Male,966,11
558,Upkaar Sahota,65,Male,236,32
559,Gopal Jain,27,Male,1076,46
560,Quincy Srivastava,50,Male,2889,58
561,Aarush Hegde,34,Male,669,15
562,Nitesh Kamdar,20,Male,2630,61
563,Laban Rai,20,Male,1435,47
564,Harini Dhillon,58,Female,637,15
565,Matthew Biswas,27,Male,412,64
566,Manya Vohra,28,Female,945,29
567,Naksh Anand,40,Male,2533,55
568,Jeremiah Ramaswamy,65,Male,2108,38
569,Girish Varty,51,Male,1694,54
570,Joshua Merchant,60,Male,280,38
571,Kai Dalal,31,Male,"2341,2747,2039",37
572,Shivansh Karnik,52,Male,"1690,582",12
573,Vincent Naik,48,Male,1407,56
574,Parth Karnik,63,Male,61,36
575,Jackson Swaminathan,34,Male,"259,1929,812",56
576,Upasna Hari,20,Female,1006,24
577,Vanya Sekhon,61,Female,1884,70
578,Samaksh Lalla,23,Male,2471,18
579,Chakradhar Dada,41,Male,1390,24
580,Aditya Tandon,22,Male,955,66
581,Veer Madan,36,Male,"2704,1862",50
582,Victor Sachdev,57,Male,633,20
583,Qabil Mand,26,Male,"2106,2271,618",69
584,Nitesh Mangat,52,Male,1987,55
585,Girik Kamdar,29,Male,504,28
586,Rachit Kalita,42,Male,1296,63
587,Thomas Babu,41,Male,919,38
588,Shaurya Chandra,55,Male,1528,16
589,Lipika Srinivas,26,Female,1700,41
590,Umang Munshi,37,Male,1131,15
591,Wriddhish Raj,49,Male,1454,48
592,Gautam Doctor,59,Male,"1616,1039,1696",70
593,Qabil Khanna,63,Male,1658,60
594,Victor Koshy,55,Male,2868,30
595,Tanveer Ramanathan,24,Male,1729,62
596,Balhaar Goswami,38,Male,2917,45
597,Netra Anand,49,Female,704,17
598,Logan Kalita,59,Male,891,35
599,Onkar Srivastava,40,Male,2247,13
600,Liam Vala,62,Male,2476,15
601,Zehaan Arya,60,Male,2154,17
602,Varsha Jain,49,Female,1224,35
603,Ethan Bhandari,49,Male,1418,68
604,Siddharth Korpal,23,Male,76,67
605,Ekavir Bobal,64,Male,"412,1186",19
606,Christopher Sankaran,41,Male,1249,14
607,Naveen Mitra,63,Male,1123,55
608,Bhavani Kumer,30,Female,2817,12
609,Keya Sheth,58,Female,198,50
610,Guneet Parsa,29,Male,"2636,431",29
611,Parth Chander,44,Male,2912,12
612,Balveer Sampath,60,Male,"2698,2842",35
613,Thomas Nazareth,31,Male,894,54
614,Harrison Sabharwal,29,Male,511,54
615,Victor Deol,52,Male,2285,61
616,Isaac Bansal,28,Male,2793,44
617,Warjas Pau,44,Male,973,63
618,Vedika Chadha,35,Female,"2083,65,50",31
619,Nicholas Joshi,55,Male,"1648,2828",43
620,Abha Khalsa,46,Female,272,58
621,Agastya Bajwa,33,Male,"1596,757,1388",49
622,Harsh Hayer,54,Male,2067,41
623,Udarsh Guha,63,Male,1813,59
624,Liam Dhaliwal,31,Male,686,29
625,Benjamin Anand,45,Male,1204,10
626,Caleb Baria,29,Male,1180,24
627,Vedhika Pathak,41,Female,1472,49
628,Bakhshi Lala,40,Male,2353,49
629,Yasti Kalita,24,Female,527,33
630,Aashi Bail,54,Female,"2544,2901",65
631,Frado Chowdhury,46,Male,2704,16
632,Onveer Chokshi,21,Male,890,65
633,Faras Konda,60,Male,861,21
634,Parth Chad,32,Male,1986,57
635,Aarav Sha,60,Male,63,17
636,Chakradhar Raman,40,Male,2343,55
637,Chakradhar Dubey,52,Male,"486,840",53
638,Bhavika Bhatia,51,Female,1544,27
639,Jack Varty,29,Male,321,43
640,Om Mannan,63,Male,1342,31
641,Balhaar Dey,56,Male,635,38
642,Vihaan Chatterjee,57,Male,2878,65
643,Ryan Yohannan,25,Male,1712,35
644,Shivansh Bajwa,47,Male,2184,38
645,Jack Nagi,25,Male,37,16
646,Tejas Patel,63,Male,"2300,2469",41
647,Yatin Narayanan,35,Male,1832,16
648,Adya Narasimhan,19,Female,"885,1021",51
649,Omisha Konda,65,Female,1412,17
650,Forum Srinivas,37,Female,1831,10
651,Samesh Merchant,35,Male,"2467,2255,1188",54
652,Ryan Gaba,57,Male,1737,33
653,Hritik Sathe,29,Male,2144,40
654,Omya Behl,49,Female,1718,63
655,Anthony Buch,63,Male,"369,224",60
656,Fitan Sahota,62,Male,658,39
657,Samuel Saraf,27,Male,"2685,1334",64
658,Onkar Halder,27,Male,133,47
659,Reyansh Nath,25,Male,"1721,1618,532",61
660,Bachittar Bhat,18,Male,697,14
661,Reyansh Sahni,28,Male,2151,19
662,Aarnav Wable,44,Male,2401,33
663,Advaith Zachariah,62,Male,2097,70
664,Daniel Desai,37,Male,1611,16
665,Samesh Sahni,50,Male,2392,54
666,Zehaan Sankar,27,Male,1966,70
667,Ekaraj Tank,55,Male,1705,45
668,Alexander Rau,22,Male,1043,61
669,Eshana Sidhu,35,Female,384,20
670,Eiravati Arora,64,Female,2880,37
671,Wridesh Dalal,42,Male,1687,18
672,Arjun Ratta,48,Male,326,66
673,Simon Koshy,59,Male,"1751,2587",14
674,Lakshit Sani,52,Male,2618,56
675,Aahana Majumdar,57,Female,567,68
676,Advik Chada,44,Male,1185,66
677,Wahab D’Alia,65,Male,2832,55
678,Gopal Kant,65,Male,"2597,2010",20
679,Harish Nayak,54,Male,1322,60
680,Chasmum Hora,60,Female,193,41
681,Oliver Panchal,47,Male,1513,35
682,Upadhriti Uppal,33,Female,2681,13
683,Jatin Ganesh,22,Male,"2737,2738",65
684,Hritik Sami,32,Male,2444,34
685,Chavvi Sami,35,Female,1497,36
686,Tanay Kale,63,Male,1306,44
687,Ekalinga Mukherjee,20,Male,2858,58
688,Rushil Palan,65,Male,655,49
689,Vamakshi Mohanty,27,Female,241,18
690,Aahana Khalsa,55,Female,982,66
691,Onveer Talwar,57,Male,"337,1629",34
692,Fiyaz Singh,28,Male,580,25
693,Abdul Date,62,Male,1184,44
694,Ayushman Chopra,20,Male,1461,56
695,George Dasgupta,49,Male,889,59
696,Farhan Badami,19,Male,2772,66
697,Aarush Venkataraman,62,Male,2100,10
698,Chatura Balay,32,Male,467,12
699,Azad Sant,26,Male,856,25
700,Rohan Biswas,43,Male,1833,43
701,Fiyaz Mann,42,Male,"2206,1935",62
702,Ekalinga Viswanathan,52,Male,550,64
703,Neel Luthra,35,Male,"2372,1346",53
704,Manya Virk,39,Female,553,18
705,Udarsh Desai,30,Male,199,50
706,Azad Mitra,29,Male,2978,46
707,Aadhya Nagi,56,Female,159,17
708,Yashvi Narayanan,53,Female,2642,48
709,Girik Bhasin,62,Male,651,67
710,Harinakshi Nath,24,Female,357,25
711,Owen Kota,29,Male,843,37
712,Vincent Lad,64,Male,2174,70
713,Ekbal Contractor,38,Male,2219,67
714,Michael Dayal,49,Male,1784,59
715,Alexander Venkatesh,56,Male,432,52
716,Anirudh Dara,37,Male,2555,31
717,Akshay Shanker,30,Male,2079,11
718,Advaith Mutti,38,Male,428,56
719,Hemang Golla,29,Male,1063,19
720,Kalpit Balasubramanian,65,Male,2454,24
721,Chakradev Patla,33,Male,1333,26
722,Orinder Sood,54,Male,"197,2718",32
723,Yug Ray,46,Male,1840,33
724,Daniel Gala,18,Male,1835,56
725,Fiyaz Sahni,48,Male,1649,26
726,Sathvik Choudhry,23,Male,1904,17
727,Wahab Chakrabarti,23,Male,"2834,579",44
728,Wahab Garg,24,Male,"1759,2417,1191",13
729,Yagnesh Chad,53,Male,2206,69
730,Matthew Patil,32,Male,961,46
731,Aayush Bhakta,49,Male,"2374,2079,2003",14
732,Anirudh Saxena,58,Male,2159,25
733,Balendra Mallick,30,Male,1344,34
734,Wahab Chaudhry,35,Male,658,38
735,Champak Ahluwalia,20,Male,1070,13
736,Rudra Bath,64,Male,2849,31
737,Ryan Aggarwal,63,Male,2661,38
738,Qadim Devi,21,Male,2323,28
739,Orinder Padmanabhan,48,Male,2583,50
740,Ekalinga Bhatnagar,42,Male,2802,50
741,Nihal Mandal,39,Male,1809,60
742,Jagdish Taneja,50,Male,2228,60
743,Gaurang Natarajan,50,Male,973,40
744,Michael Kar,24,Male,"362,2034,1570",63
745,Sathvik Bhagat,49,Male,2987,60
746,Yashasvi Lad,38,Female,1238,45
747,Upkaar Kara,29,Male,2029,37
748,Jatin Thaman,58,Male,"1472,2123",17
749,Wyatt Bassi,65,Male,"1563,334,676",11
750,Vamakshi Bassi,55,Female,1884,40
751,Garima Sachdev,29,Female,1880,11
752,Abhimanyu Wable,18,Male,1544,12
753,Oliver Wadhwa,49,Male,2407,21
754,Champak Maharaj,44,Male,1984,13
755,Zehaan Jayaraman,60,Male,1980,31
756,Dev Gola,24,Male,2698,70
757,Ayaan Lata,21,Male,2714,53
758,Sathvik Singhal,26,Male,750,30
759,Reyansh Banik,36,Male,89,30
760,Aadi Khare,45,Male,2013,64
761,Maanas Mall,46,Male,190,21
762,Orinder Prakash,51,Male,1048,25
763,Arunima Shan,25,Female,373,48
764,Manya Ramaswamy,35,Female,2831,18
765,Gaurav Chopra,38,Male,2388,37
766,Michael Gopal,65,Male,2147,35
767,William Krishna,25,Male,2227,60
768,Yug Mangat,65,Male,809,59
769,Nicholas Dora,44,Male,2335,18
770,Elijah Buch,33,Male,1340,46
771,Ekalinga Krishnamurthy,46,Male,2113,39
772,Wazir Suresh,35,Male,2013,61
773,Aarav Sane,41,Male,2541,54
774,Harish Gopal,56,Male,2624,22
775,Bakhshi Seshadri,36,Male,287,70
776,Mohammed Comar,38,Male,1266,27
777,Kiaan Gupta,41,Male,2857,11
778,Chakradev Uppal,23,Male,308,12
779,Jackson Hayer,50,Male,1090,49
780,Laksh Kari,29,Male,2684,44
781,Caleb Misra,18,Male,2017,68
782,Amol Hayer,22,Male,1569,54
783,Manan Walla,59,Male,1898,40
784,Karan Handa,29,Male,2248,47
785,Hitesh Dave,38,Male,1183,49
786,Falan Sura,27,Male,2902,39
787,Ishaan Mallick,18,Male,899,10
788,Veer Kapadia,22,Male,822,46
789,Chakradev Savant,39,Male,2890,55
790,Jason Kala,52,Male,1206,67
791,Harshil Bhavsar,19,Male,"2622,1105",12
792,Maanav Rajagopalan,54,Male,850,52
793,Keya Char,27,Female,1206,61
794,Gaurav Mani,26,Male,895,26
795,Finn Choudhary,21,Male,1749,35
796,Ranbir Khosla,60,Male,2490,52
797,Azaan Pillai,31,Male,2063,31
798,Vyanjana Ahluwalia,59,Female,2164,65
799,Krishna Khosla,52,Male,1161,16
800,Baghyawati Brar,61,Female,133,53
